SN_name,RA,DEC,redshift,type
2011ke,207.74075,26.278444,0.143,SLSN-I
2012il,146.553542,19.841167,0.175,SN Ic
